[{"name":"Lien","album":"Hurghada","year":"2000","rank":"86"},
{"name":"Westport","album":"Paranavaí","year":"1987","rank":"90"},
{"name":"Stoughton","album":"Smolenskaya","year":"1994","rank":"74"},
{"name":"Scott","album":"Hou’an","year":"1998","rank":"82"},
{"name":"Carioca","album":"Karlskrona","year":"2008","rank":"92"},
{"name":"Northwestern","album":"Mobai","year":"2012","rank":"12"},
{"name":"Tomscot","album":"Bayrachky","year":"2008","rank":"47"},
{"name":"Packers","album":"Birni N Konni","year":"2002","rank":"40"},
{"name":"Division","album":"Bulianhe","year":"1995","rank":"25"},
{"name":"Loftsgordon","album":"Ágios Athanásios","year":"2006","rank":"100"},
{"name":"Meadow Valley","album":"Kęsowo","year":"1993","rank":"22"},
{"name":"Trailsway","album":"Baishi","year":"1994","rank":"18"},
{"name":"Lien","album":"Koryukivka","year":"2011","rank":"65"},
{"name":"Cherokee","album":"Ninove","year":"1987","rank":"73"},
{"name":"Summer Ridge","album":"Itamaraju","year":"2005","rank":"88"},
{"name":"Mcguire","album":"Namur","year":"1995","rank":"14"},
{"name":"Meadow Valley","album":"Wudian","year":"1998","rank":"39"},
{"name":"Coolidge","album":"Nanqiao","year":"1993","rank":"60"},
{"name":"Fuller","album":"Chenyangzhai","year":"1990","rank":"66"},
{"name":"Scoville","album":"Auray","year":"2003","rank":"3"},
{"name":"Ronald Regan","album":"Rybnoye","year":"1955","rank":"23"},
{"name":"Dakota","album":"Poretskoye","year":"2011","rank":"30"},
{"name":"Florence","album":"Qutqashen","year":"2010","rank":"78"},
{"name":"Vahlen","album":"Shicang","year":"2005","rank":"55"},
{"name":"Derek","album":"Buckland","year":"2002","rank":"98"},
{"name":"Pierstorff","album":"Cikuning","year":"1993","rank":"8"},
{"name":"Linden","album":"Leppävirta","year":"1998","rank":"63"},
{"name":"Butterfield","album":"Banyutengah","year":"2007","rank":"28"},
{"name":"Anthes","album":"At Tall al Kabīr","year":"2011","rank":"63"},
{"name":"Blackbird","album":"Kotovs’k","year":"1997","rank":"94"},
{"name":"Mitchell","album":"Kallar Kahār","year":"2006","rank":"81"},
{"name":"Vidon","album":"Baoji","year":"2001","rank":"81"},
{"name":"Lillian","album":"Majin","year":"1994","rank":"66"},
{"name":"Ohio","album":"Vannes","year":"2006","rank":"51"},
{"name":"Green Ridge","album":"Imbituva","year":"2008","rank":"7"},
{"name":"Hagan","album":"Felgueiras","year":"2006","rank":"97"},
{"name":"Jay","album":"Krasnoye","year":"2006","rank":"28"},
{"name":"Manitowish","album":"La Cumbre","year":"1990","rank":"98"},
{"name":"American Ash","album":"Tonga","year":"2011","rank":"74"},
{"name":"Stoughton","album":"Angers","year":"1996","rank":"53"},
{"name":"Muir","album":"Gubeikou","year":"1997","rank":"61"},
{"name":"Bultman","album":"Parbatipur","year":"2006","rank":"48"},
{"name":"Pleasure","album":"Mirotice","year":"1992","rank":"85"},
{"name":"Badeau","album":"Birmingham","year":"1996","rank":"37"},
{"name":"Kingsford","album":"Philipsburg","year":"2002","rank":"5"},
{"name":"Ridgeway","album":"Oranjestad","year":"2010","rank":"7"},
{"name":"Stang","album":"Carpenter","year":"2003","rank":"31"},
{"name":"Anderson","album":"Nnewi","year":"2005","rank":"78"},
{"name":"Loftsgordon","album":"Berlin","year":"2006","rank":"60"},
{"name":"Leroy","album":"Japeri","year":"2007","rank":"61"},
{"name":"8th","album":"Kaset Sombun","year":"2006","rank":"48"},
{"name":"Delladonna","album":"San Jose","year":"2006","rank":"61"},
{"name":"Stoughton","album":"Orvault","year":"2002","rank":"7"},
{"name":"Eagle Crest","album":"Monywa","year":"1985","rank":"46"},
{"name":"Loeprich","album":"Sokolovo","year":"2000","rank":"73"},
{"name":"Meadow Vale","album":"Sumberejo","year":"2009","rank":"95"},
{"name":"Merry","album":"Ocaña","year":"1999","rank":"79"},
{"name":"Hintze","album":"Jablonec nad Jizerou","year":"1999","rank":"75"},
{"name":"Briar Crest","album":"Mapiripán","year":"2011","rank":"80"},
{"name":"Prairie Rose","album":"As Salţ","year":"1992","rank":"83"},
{"name":"Blaine","album":"Dungon","year":"1991","rank":"19"},
{"name":"Claremont","album":"Nijmegen","year":"2011","rank":"47"},
{"name":"Tomscot","album":"Dalang","year":"2012","rank":"74"},
{"name":"Hazelcrest","album":"Ringinrejo","year":"2001","rank":"41"},
{"name":"Park Meadow","album":"Huashi","year":"1999","rank":"96"},
{"name":"Service","album":"Drawno","year":"2004","rank":"79"},
{"name":"Kedzie","album":"Jinqu","year":"2008","rank":"33"},
{"name":"Alpine","album":"Yantian","year":"1999","rank":"46"},
{"name":"Vera","album":"Dongxi","year":"2003","rank":"75"},
{"name":"Loeprich","album":"Tulsa","year":"2008","rank":"38"},
{"name":"Hallows","album":"La Palma","year":"2008","rank":"84"},
{"name":"Melrose","album":"Jeseník","year":"1987","rank":"57"},
{"name":"Express","album":"Yanaoca","year":"1997","rank":"47"},
{"name":"Ohio","album":"Baabda","year":"1993","rank":"11"},
{"name":"Quincy","album":"København","year":"2004","rank":"54"},
{"name":"Golf Course","album":"Carhuac","year":"2012","rank":"34"},
{"name":"Utah","album":"Saki","year":"2004","rank":"76"},
{"name":"Ridgeview","album":"Kromy","year":"2010","rank":"94"},
{"name":"Washington","album":"Geghanist","year":"1987","rank":"40"},
{"name":"Sunbrook","album":"Três Corações","year":"2007","rank":"93"},
{"name":"Chive","album":"Rotterdam postbusnummers","year":"2003","rank":"39"},
{"name":"Pennsylvania","album":"Fort-de-France","year":"2009","rank":"85"},
{"name":"Oneill","album":"Kebonkaret","year":"2006","rank":"14"},
{"name":"Elgar","album":"Oslo","year":"2000","rank":"21"},
{"name":"Twin Pines","album":"Liushui","year":"2006","rank":"5"},
{"name":"Fremont","album":"Macau","year":"1999","rank":"29"},
{"name":"Brown","album":"Gaoliban","year":"1997","rank":"92"},
{"name":"Dovetail","album":"Greenville","year":"1994","rank":"54"},
{"name":"Bartelt","album":"Daoqiao","year":"2007","rank":"55"},
{"name":"Ridgeview","album":"Tazarine","year":"1992","rank":"20"},
{"name":"Jenifer","album":"Pucallpa","year":"1998","rank":"75"},
{"name":"Golf Course","album":"Qiaozhen","year":"2009","rank":"98"},
{"name":"Huxley","album":"Old City","year":"2011","rank":"14"},
{"name":"Surrey","album":"Williston","year":"2012","rank":"9"},
{"name":"Village Green","album":"Sal’sk","year":"1995","rank":"43"},
{"name":"Declaration","album":"Broska","year":"1997","rank":"23"},
{"name":"South","album":"Bloomington","year":"2000","rank":"68"},
{"name":"Canary","album":"Norrtälje","year":"2007","rank":"95"},
{"name":"Milwaukee","album":"Sena Madureira","year":"2012","rank":"16"},
{"name":"Mayfield","album":"Baoyou","year":"2005","rank":"78"},
{"name":"Hallows","album":"Vratsa","year":"1995","rank":"33"},
{"name":"Meadow Ridge","album":"Qingshanhu","year":"2007","rank":"57"},
{"name":"Mitchell","album":"Delok","year":"2008","rank":"6"},
{"name":"8th","album":"Barrinha","year":"2005","rank":"84"},
{"name":"Lindbergh","album":"Port Saint John’s","year":"2001","rank":"44"},
{"name":"Farragut","album":"Cabinda","year":"2012","rank":"31"},
{"name":"Valley Edge","album":"Purbalingga","year":"2009","rank":"66"},
{"name":"Anthes","album":"Fier-Çifçi","year":"1998","rank":"4"},
{"name":"Lerdahl","album":"Takasaki","year":"2008","rank":"7"},
{"name":"Meadow Ridge","album":"Mikhnëvo","year":"2010","rank":"62"},
{"name":"Linden","album":"Belém","year":"2003","rank":"87"},
{"name":"Merchant","album":"Bunisari","year":"1997","rank":"64"},
{"name":"Commercial","album":"El Alto","year":"2012","rank":"2"},
{"name":"Heffernan","album":"Gaoling","year":"1993","rank":"42"},
{"name":"Gina","album":"Rongxing","year":"1996","rank":"98"},
{"name":"Arrowood","album":"Aubagne","year":"1996","rank":"36"},
{"name":"Becker","album":"Heka","year":"2003","rank":"16"},
{"name":"Thierer","album":"Hato Mayor del Rey","year":"2012","rank":"2"},
{"name":"Golf","album":"Itapuranga","year":"1963","rank":"18"},
{"name":"Warbler","album":"‘Uqayribāt","year":"1997","rank":"42"},
{"name":"Southridge","album":"Luleå","year":"1993","rank":"34"},
{"name":"Canary","album":"Xiluo","year":"2010","rank":"41"},
{"name":"Eagan","album":"Irákleion","year":"1994","rank":"20"},
{"name":"Caliangt","album":"Washington","year":"1992","rank":"24"},
{"name":"Warbler","album":"Kabala","year":"1997","rank":"70"},
{"name":"Moland","album":"Denver","year":"1997","rank":"60"},
{"name":"Sundown","album":"Pocito","year":"2011","rank":"100"},
{"name":"Duke","album":"Longgang","year":"1992","rank":"68"},
{"name":"Northwestern","album":"Venda","year":"2001","rank":"55"},
{"name":"Gerald","album":"Descalvado","year":"1992","rank":"20"},
{"name":"Raven","album":"Behbahān","year":"2001","rank":"66"},
{"name":"Dorton","album":"Göteborg","year":"1995","rank":"3"},
{"name":"Sycamore","album":"Subusub","year":"1995","rank":"10"},
{"name":"Park Meadow","album":"Mulanay","year":"2006","rank":"21"},
{"name":"Truax","album":"Szczecin","year":"1992","rank":"10"},
{"name":"Larry","album":"Sancha","year":"2011","rank":"33"},
{"name":"Sommers","album":"Perjuangan","year":"2009","rank":"43"},
{"name":"New Castle","album":"Nova Praha","year":"2009","rank":"5"},
{"name":"Fordem","album":"Ursk","year":"2008","rank":"24"},
{"name":"Weeping Birch","album":"Padina","year":"2000","rank":"16"},
{"name":"Muir","album":"Krajan","year":"1998","rank":"90"},
{"name":"Schlimgen","album":"Adjumani","year":"2011","rank":"51"},
{"name":"Del Mar","album":"Dairiti","year":"1993","rank":"24"},
{"name":"Bayside","album":"Qinxi","year":"2012","rank":"88"},
{"name":"Fairfield","album":"Cikawunggading","year":"1994","rank":"26"},
{"name":"5th","album":"Kidal","year":"1995","rank":"9"},
{"name":"Erie","album":"Bubanza","year":"2003","rank":"100"},
{"name":"Pennsylvania","album":"Dasi","year":"2007","rank":"58"},
{"name":"Cottonwood","album":"Gradil","year":"2008","rank":"35"},
{"name":"Canary","album":"Shangcunba","year":"2003","rank":"86"},
{"name":"Waubesa","album":"Monterrey","year":"2012","rank":"9"},
{"name":"Beilfuss","album":"Jammā‘īn","year":"1990","rank":"78"},
{"name":"Mariners Cove","album":"Sukowiryo","year":"2009","rank":"60"},
{"name":"Paget","album":"Kadupinang","year":"2003","rank":"76"},
{"name":"Almo","album":"Itaboraí","year":"1996","rank":"42"},
{"name":"Bunker Hill","album":"Zhamao","year":"1986","rank":"3"},
{"name":"Northridge","album":"Huashu","year":"1997","rank":"55"},
{"name":"Dixon","album":"Weepangali","year":"2010","rank":"39"},
{"name":"Dapin","album":"Satuek","year":"2005","rank":"27"},
{"name":"6th","album":"Orekhovo-Borisovo Severnoye","year":"1994","rank":"100"},
{"name":"Heffernan","album":"Kananga","year":"1996","rank":"15"},
{"name":"Linden","album":"Petrikov","year":"2011","rank":"88"},
{"name":"Roxbury","album":"Concepcion","year":"2011","rank":"75"},
{"name":"Prentice","album":"Puerto Bello","year":"1995","rank":"73"},
{"name":"Surrey","album":"Himeville","year":"1998","rank":"77"},
{"name":"American Ash","album":"Ust’-Kut","year":"1995","rank":"89"},
{"name":"Arapahoe","album":"Yelat’ma","year":"2009","rank":"60"},
{"name":"Miller","album":"Nahāvand","year":"2011","rank":"23"},
{"name":"Oneill","album":"Gamut","year":"2013","rank":"95"},
{"name":"Heffernan","album":"Eisen","year":"2008","rank":"83"},
{"name":"Dottie","album":"Villa de Soto","year":"2009","rank":"42"},
{"name":"Gale","album":"Minglanilla","year":"1992","rank":"95"},
{"name":"Becker","album":"Qingtong","year":"1993","rank":"99"},
{"name":"Del Mar","album":"San Diego","year":"2009","rank":"40"},
{"name":"Independence","album":"Caldas","year":"2008","rank":"36"},
{"name":"Emmet","album":"Triandría","year":"2000","rank":"25"},
{"name":"Lake View","album":"Hicksville","year":"2004","rank":"90"},
{"name":"Thierer","album":"Dacudao","year":"2001","rank":"16"},
{"name":"Sachtjen","album":"Zhenjiang","year":"2013","rank":"26"},
{"name":"Arrowood","album":"Yanmenkou","year":"1996","rank":"90"},
{"name":"Troy","album":"Kodamachō-kodamaminami","year":"2006","rank":"49"},
{"name":"Forest Run","album":"Miðvágur","year":"2001","rank":"56"},
{"name":"Straubel","album":"Ullubiyaul","year":"1997","rank":"89"},
{"name":"Farmco","album":"Berlin","year":"1996","rank":"1"},
{"name":"7th","album":"Huarong Chengguanzhen","year":"2007","rank":"58"},
{"name":"Bowman","album":"Dalakovo","year":"2002","rank":"90"},
{"name":"Trailsway","album":"Jampang Tengah","year":"1977","rank":"75"},
{"name":"Westend","album":"Capalonga","year":"1989","rank":"8"},
{"name":"Huxley","album":"Buhe","year":"2009","rank":"15"},
{"name":"Fallview","album":"Skotoússa","year":"1999","rank":"34"},
{"name":"Starling","album":"Weihai","year":"1992","rank":"11"},
{"name":"Evergreen","album":"Paris La Défense","year":"2010","rank":"89"},
{"name":"Ryan","album":"Batasan Bata","year":"1991","rank":"26"},
{"name":"Esker","album":"Mandiana","year":"2004","rank":"67"},
{"name":"Summerview","album":"Beiqijia","year":"2009","rank":"55"},
{"name":"Dexter","album":"Jalālpur","year":"1997","rank":"6"},
{"name":"Dennis","album":"Mons","year":"2011","rank":"22"},
{"name":"Elgar","album":"Pysznica","year":"2011","rank":"85"},
{"name":"Roxbury","album":"Ampahana","year":"1996","rank":"35"},
{"name":"Forest","album":"Xianghe","year":"1986","rank":"62"},
{"name":"Thompson","album":"Stepnogorsk","year":"1993","rank":"48"},
{"name":"Lindbergh","album":"Dadong","year":"1991","rank":"10"},
{"name":"Towne","album":"Malabonot","year":"1998","rank":"54"},
{"name":"Algoma","album":"Nuuk","year":"1990","rank":"46"},
{"name":"Oxford","album":"Comagascas","year":"2006","rank":"90"},
{"name":"Warbler","album":"Shaxi","year":"2008","rank":"63"},
{"name":"Cody","album":"Nueva Esperanza","year":"2004","rank":"57"},
{"name":"Magdeline","album":"Bình Minh","year":"2008","rank":"47"},
{"name":"Harper","album":"Larkird","year":"1994","rank":"97"},
{"name":"Pine View","album":"Vårgårda","year":"2009","rank":"72"},
{"name":"Alpine","album":"Qīr","year":"2011","rank":"18"},
{"name":"Muir","album":"Augusta","year":"1993","rank":"30"},
{"name":"Badeau","album":"Kiviõli","year":"2001","rank":"25"},
{"name":"Lighthouse Bay","album":"Botoh","year":"2005","rank":"76"},
{"name":"Prairie Rose","album":"Ryki","year":"2006","rank":"21"},
{"name":"Golf Course","album":"Jiadingzhen","year":"2013","rank":"23"},
{"name":"Warbler","album":"Lahishyn","year":"1992","rank":"38"},
{"name":"Lake View","album":"Shuangmiaojie","year":"1996","rank":"85"},
{"name":"Hazelcrest","album":"Catia La Mar","year":"2009","rank":"59"},
{"name":"Ronald Regan","album":"Mossoró","year":"1998","rank":"22"},
{"name":"Mifflin","album":"Marquard","year":"2011","rank":"57"},
{"name":"Kim","album":"Kudang","year":"1999","rank":"66"},
{"name":"Commercial","album":"Xiaoying","year":"2004","rank":"76"},
{"name":"Maple","album":"Molde","year":"1989","rank":"66"},
{"name":"Coolidge","album":"Maquiapo","year":"1992","rank":"46"},
{"name":"Lake View","album":"Jixing","year":"2007","rank":"79"},
{"name":"Manufacturers","album":"Wanagiri","year":"1969","rank":"2"},
{"name":"Darwin","album":"Ramaram","year":"2011","rank":"69"},
{"name":"Talisman","album":"Ciudad Choluteca","year":"2003","rank":"84"},
{"name":"Fairfield","album":"Kertosari","year":"2003","rank":"44"},
{"name":"Maple","album":"Épinal","year":"2000","rank":"60"},
{"name":"Colorado","album":"Holoriang","year":"2009","rank":"30"},
{"name":"Morrow","album":"Mont-de-Marsan","year":"1992","rank":"90"},
{"name":"Monterey","album":"Ronglong","year":"1995","rank":"34"},
{"name":"Fulton","album":"Bolondrón","year":"2002","rank":"22"},
{"name":"Nevada","album":"Toupopu","year":"2002","rank":"85"},
{"name":"Farwell","album":"Serrinha","year":"2004","rank":"72"},
{"name":"Manufacturers","album":"Qarqīn","year":"2012","rank":"90"},
{"name":"Hintze","album":"Tanjungluar","year":"2009","rank":"61"},
{"name":"Mccormick","album":"Khartsyz’k","year":"2008","rank":"33"},
{"name":"Anthes","album":"Kao Liao","year":"1997","rank":"21"},
{"name":"Tomscot","album":"Pallasovka","year":"2006","rank":"93"},
{"name":"Lyons","album":"Machico","year":"2012","rank":"24"},
{"name":"Pine View","album":"Fengsheng","year":"2002","rank":"23"},
{"name":"Utah","album":"Wangliao","year":"2011","rank":"40"},
{"name":"Lakeland","album":"Changxing","year":"2005","rank":"2"},
{"name":"Badeau","album":"Angkahgede","year":"1989","rank":"93"},
{"name":"Larry","album":"Kara Suu","year":"2005","rank":"65"},
{"name":"Stoughton","album":"Putatbasiun","year":"1999","rank":"98"},
{"name":"Melrose","album":"Newark","year":"1992","rank":"46"},
{"name":"Elmside","album":"Turija","year":"1989","rank":"77"},
{"name":"Fairfield","album":"Sørvágur","year":"2000","rank":"4"},
{"name":"Parkside","album":"Kungsör","year":"1998","rank":"78"},
{"name":"Stephen","album":"Xiangying","year":"1997","rank":"16"},
{"name":"Raven","album":"Curumaní","year":"1993","rank":"39"},
{"name":"Laurel","album":"Ilandža","year":"2004","rank":"60"},
{"name":"Sugar","album":"Embi","year":"2002","rank":"75"},
{"name":"Caliangt","album":"Wan’an","year":"2010","rank":"93"},
{"name":"Longview","album":"Curridabat","year":"2004","rank":"85"},
{"name":"Bultman","album":"Maturín","year":"2001","rank":"89"},
{"name":"Huxley","album":"Villa Mercedes","year":"2012","rank":"35"},
{"name":"Scoville","album":"Itajubá","year":"2000","rank":"6"},
{"name":"Lighthouse Bay","album":"Lyakhovtsy","year":"1967","rank":"51"},
{"name":"Weeping Birch","album":"Brańsk","year":"2001","rank":"11"},
{"name":"North","album":"San Pablo","year":"1994","rank":"99"},
{"name":"Paget","album":"Los Tangos","year":"2012","rank":"49"},
{"name":"Red Cloud","album":"Verblyany","year":"1998","rank":"18"},
{"name":"Sachtjen","album":"Aranguren","year":"1998","rank":"100"},
{"name":"Corry","album":"Geneng Tengah","year":"2010","rank":"78"},
{"name":"Kropf","album":"Val-d'Or","year":"2009","rank":"44"},
{"name":"North","album":"Washington","year":"1996","rank":"22"},
{"name":"Norway Maple","album":"Samparna","year":"1991","rank":"5"},
{"name":"Canary","album":"Korogan Timur","year":"2010","rank":"68"},
{"name":"Esch","album":"Évosmos","year":"2004","rank":"46"},
{"name":"Harper","album":"Mencon","year":"2008","rank":"95"},
{"name":"Birchwood","album":"Ust’-Ilimsk","year":"2010","rank":"32"},
{"name":"Duke","album":"Rancagua","year":"2009","rank":"81"},
{"name":"Shelley","album":"Bangilan","year":"2006","rank":"71"},
{"name":"Eggendart","album":"Kohtla-Järve","year":"1996","rank":"89"},
{"name":"Northport","album":"Āwash","year":"1997","rank":"43"},
{"name":"Hallows","album":"Pubal","year":"1991","rank":"95"},
{"name":"Lerdahl","album":"Kristiansund N","year":"2011","rank":"24"},
{"name":"Porter","album":"Iizuka","year":"2006","rank":"12"},
{"name":"Beilfuss","album":"Moita","year":"1995","rank":"99"},
{"name":"Fordem","album":"København","year":"1988","rank":"17"},
{"name":"Garrison","album":"Proletar","year":"1991","rank":"70"},
{"name":"Chinook","album":"Tarusan","year":"2009","rank":"12"},
{"name":"Arapahoe","album":"Traiguén","year":"1997","rank":"41"},
{"name":"Northland","album":"Shestakovo","year":"1968","rank":"58"},
{"name":"Swallow","album":"Oyan","year":"1987","rank":"55"},
{"name":"Texas","album":"Yangjia","year":"2006","rank":"36"},
{"name":"Springs","album":"Iława","year":"1997","rank":"55"},
{"name":"Claremont","album":"Tianbao","year":"2006","rank":"19"},
{"name":"Manufacturers","album":"Jinji","year":"2003","rank":"100"},
{"name":"Sommers","album":"Kamárai","year":"1998","rank":"54"},
{"name":"Hollow Ridge","album":"Boluo","year":"1997","rank":"30"},
{"name":"Jenifer","album":"Yessentukskaya","year":"2009","rank":"47"},
{"name":"Mallard","album":"Larangan","year":"1996","rank":"92"},
{"name":"Rigney","album":"Mozirje","year":"1993","rank":"45"},
{"name":"Meadow Valley","album":"Caper","year":"1992","rank":"29"},
{"name":"Butternut","album":"Cikayas","year":"2000","rank":"40"},
{"name":"Carpenter","album":"Piracaia","year":"2010","rank":"78"},
{"name":"Caliangt","album":"Lagarto","year":"1994","rank":"60"},
{"name":"Golf View","album":"Neftegorsk","year":"2000","rank":"3"},
{"name":"Barby","album":"Bouça","year":"2002","rank":"89"},
{"name":"Northview","album":"Kubanskiy","year":"2008","rank":"34"},
{"name":"Donald","album":"Santa Catarina Ixtahuacán","year":"1996","rank":"44"},
{"name":"Spaight","album":"Inuvik","year":"1992","rank":"73"},
{"name":"Grim","album":"Orodo","year":"1993","rank":"70"},
{"name":"Rowland","album":"Dalgān","year":"2009","rank":"51"},
{"name":"Ohio","album":"Dvurechensk","year":"2002","rank":"99"},
{"name":"Division","album":"Pniewy","year":"2009","rank":"54"},
{"name":"Rusk","album":"Yelizavetino","year":"1993","rank":"21"},
{"name":"Hansons","album":"Ipubi","year":"1992","rank":"58"},
{"name":"Algoma","album":"Pushkino","year":"2007","rank":"21"},
{"name":"Bonner","album":"Kunčina","year":"1998","rank":"39"},
{"name":"Kedzie","album":"Bogra","year":"2008","rank":"81"},
{"name":"Esch","album":"Brejos","year":"1997","rank":"66"},
{"name":"Mallory","album":"Pueblo","year":"2003","rank":"94"},
{"name":"Gina","album":"Metlika","year":"2003","rank":"76"},
{"name":"Division","album":"Shah Alam","year":"1992","rank":"56"},
{"name":"Cordelia","album":"Fengxian","year":"2001","rank":"42"},
{"name":"Thierer","album":"Langkou","year":"2011","rank":"84"},
{"name":"Swallow","album":"Melun","year":"2002","rank":"51"},
{"name":"Atwood","album":"Buenos Aires","year":"1969","rank":"57"},
{"name":"Ilene","album":"Boliden","year":"1993","rank":"50"},
{"name":"Raven","album":"Manhiça","year":"2008","rank":"49"},
{"name":"Green","album":"Bratislava","year":"2003","rank":"84"},
{"name":"Starling","album":"Kuala Lumpur","year":"1993","rank":"6"},
{"name":"Myrtle","album":"Bełchatów","year":"2000","rank":"7"},
{"name":"Sauthoff","album":"Bailiang","year":"2004","rank":"33"},
{"name":"Nobel","album":"Goianésia","year":"1995","rank":"86"},
{"name":"Delaware","album":"Krechevitsy","year":"1974","rank":"46"},
{"name":"Crest Line","album":"Kuntong","year":"1986","rank":"82"},
{"name":"Forest Dale","album":"Vanderhoof","year":"1985","rank":"12"},
{"name":"School","album":"Měřín","year":"1998","rank":"38"},
{"name":"Manufacturers","album":"Rongmei","year":"1990","rank":"68"},
{"name":"Northridge","album":"Mollebamba","year":"2007","rank":"92"},
{"name":"Maywood","album":"Kendaruan","year":"2009","rank":"46"},
{"name":"Park Meadow","album":"Liutan","year":"1995","rank":"18"},
{"name":"Montana","album":"Sokolo","year":"1994","rank":"76"},
{"name":"Chive","album":"Anjirmuara","year":"2012","rank":"82"},
{"name":"Browning","album":"Panchagarh","year":"1995","rank":"70"},
{"name":"Arkansas","album":"Malata","year":"2009","rank":"15"},
{"name":"Crowley","album":"Botshabelo","year":"1995","rank":"62"},
{"name":"Paget","album":"Plaridel","year":"1998","rank":"91"},
{"name":"Huxley","album":"Pirapozinho","year":"1964","rank":"19"},
{"name":"Merrick","album":"Strašice","year":"1998","rank":"75"},
{"name":"Brentwood","album":"Chunyang","year":"1986","rank":"80"},
{"name":"Park Meadow","album":"Ordóñez","year":"1996","rank":"81"},
{"name":"4th","album":"Makanya","year":"2009","rank":"49"},
{"name":"Forster","album":"Taihe","year":"2012","rank":"76"},
{"name":"Corben","album":"Páchni","year":"2002","rank":"11"},
{"name":"Cody","album":"Oleksandriya","year":"2007","rank":"92"},
{"name":"Sunbrook","album":"Palmar de Varela","year":"2004","rank":"73"},
{"name":"Colorado","album":"Hatsukaichi","year":"1970","rank":"56"},
{"name":"Esker","album":"Vitoria-Gasteiz","year":"1995","rank":"55"},
{"name":"Rusk","album":"Pale","year":"2009","rank":"23"},
{"name":"Summerview","album":"Dve Mogili","year":"2008","rank":"56"},
{"name":"Jay","album":"Kralice na Hané","year":"2004","rank":"49"},
{"name":"Tennyson","album":"Clermont-Ferrand","year":"2002","rank":"65"},
{"name":"Tennyson","album":"Dearborn","year":"1995","rank":"4"},
{"name":"Village Green","album":"Gevgelija","year":"1993","rank":"96"},
{"name":"Iowa","album":"Tyresö","year":"2001","rank":"76"},
{"name":"Debra","album":"Santa Venera","year":"1995","rank":"70"},
{"name":"Di Loreto","album":"Zhongcun","year":"1994","rank":"48"},
{"name":"Schlimgen","album":"Varjota","year":"2006","rank":"30"},
{"name":"Mesta","album":"Anabar","year":"1967","rank":"25"},
{"name":"Menomonie","album":"Vrtojba","year":"2001","rank":"34"},
{"name":"Iowa","album":"Casais de Revelhos","year":"1994","rank":"89"},
{"name":"Sommers","album":"Dateng","year":"2012","rank":"25"},
{"name":"Express","album":"Szczawno-Zdrój","year":"2002","rank":"54"},
{"name":"Bultman","album":"Ansheng","year":"2008","rank":"47"},
{"name":"Stone Corner","album":"La Palma","year":"2009","rank":"15"},
{"name":"Cordelia","album":"Likhoy","year":"1998","rank":"1"},
{"name":"Stang","album":"Boka","year":"2005","rank":"42"},
{"name":"Delladonna","album":"Krông Kmar","year":"2006","rank":"85"},
{"name":"Del Sol","album":"Chavdar","year":"2006","rank":"43"},
{"name":"Crownhardt","album":"Strenči","year":"2001","rank":"48"},
{"name":"5th","album":"Reinaldes","year":"2008","rank":"85"},
{"name":"Arrowood","album":"Shangtian","year":"2011","rank":"15"},
{"name":"Ronald Regan","album":"Plácido de Castro","year":"2011","rank":"20"},
{"name":"Eggendart","album":"Hezuoqiao","year":"1995","rank":"20"},
{"name":"Mosinee","album":"Chyżne","year":"2011","rank":"92"},
{"name":"Kennedy","album":"Asenovgrad","year":"1992","rank":"58"},
{"name":"Utah","album":"Oakland","year":"2012","rank":"78"},
{"name":"Pawling","album":"Zykovo","year":"1999","rank":"5"},
{"name":"Southridge","album":"Dukuhtengah","year":"1995","rank":"29"},
{"name":"Jackson","album":"Ambanja","year":"1987","rank":"56"},
{"name":"Arapahoe","album":"Dukuhsawah","year":"2012","rank":"77"},
{"name":"Lotheville","album":"New Panamao","year":"2003","rank":"12"},
{"name":"Scott","album":"Matriz de Camaragibe","year":"2006","rank":"90"},
{"name":"Armistice","album":"Saýat","year":"2003","rank":"59"},
{"name":"Gina","album":"Xinzheng","year":"1993","rank":"59"},
{"name":"Kennedy","album":"Sumberarumkrajan","year":"1994","rank":"16"},
{"name":"Cody","album":"Butou","year":"1998","rank":"72"},
{"name":"Elgar","album":"Tây Hồ","year":"1998","rank":"20"},
{"name":"Tennyson","album":"Yaohua","year":"1992","rank":"72"},
{"name":"Bay","album":"‘Ajlūn","year":"1998","rank":"47"},
{"name":"Melvin","album":"Raków","year":"2012","rank":"62"},
{"name":"Lillian","album":"Zhaobaoshan","year":"1986","rank":"22"},
{"name":"Melody","album":"Okhtyrka","year":"1999","rank":"70"},
{"name":"North","album":"San Rafael","year":"1988","rank":"67"},
{"name":"Fairview","album":"Gaotian","year":"2005","rank":"76"},
{"name":"Ridgeview","album":"Paseh","year":"1992","rank":"32"},
{"name":"Stang","album":"Lubrza","year":"1997","rank":"66"},
{"name":"Porter","album":"Huangqi","year":"1989","rank":"1"},
{"name":"Waywood","album":"Miki","year":"2006","rank":"44"},
{"name":"Meadow Ridge","album":"Cuauhtemoc","year":"2012","rank":"30"},
{"name":"Debra","album":"Biritiba Mirim","year":"2002","rank":"82"},
{"name":"Scofield","album":"Kąty Wrocławskie","year":"1998","rank":"95"},
{"name":"Fairview","album":"Daba","year":"2006","rank":"72"},
{"name":"Trailsway","album":"Shiroishi","year":"1996","rank":"79"},
{"name":"Superior","album":"Rajadesa","year":"2012","rank":"16"},
{"name":"Center","album":"Kradinan","year":"2010","rank":"59"},
{"name":"Dennis","album":"Suḩayl Shibām","year":"1994","rank":"48"},
{"name":"Londonderry","album":"Zwolle","year":"1999","rank":"24"},
{"name":"Becker","album":"Yanqian","year":"1995","rank":"34"},
{"name":"Susan","album":"Bobowo","year":"1992","rank":"61"},
{"name":"Larry","album":"Digah","year":"2008","rank":"76"},
{"name":"Service","album":"Llipa","year":"2008","rank":"56"},
{"name":"Jenna","album":"Huaqiao","year":"2012","rank":"56"},
{"name":"Macpherson","album":"Santa Marta","year":"1995","rank":"57"},
{"name":"Hallows","album":"Nagrog","year":"2006","rank":"94"},
{"name":"South","album":"Limoges","year":"2008","rank":"27"},
{"name":"Mifflin","album":"Ol Kalou","year":"2007","rank":"41"},
{"name":"Shoshone","album":"Waihi Beach","year":"1992","rank":"20"},
{"name":"Hintze","album":"Xianqiao","year":"2001","rank":"49"},
{"name":"Westport","album":"Pujilí","year":"1988","rank":"15"},
{"name":"Oak","album":"Ursus","year":"2010","rank":"86"},
{"name":"Hallows","album":"Fucheng","year":"1989","rank":"94"},
{"name":"Montana","album":"Tamansari","year":"2005","rank":"89"},
{"name":"Mitchell","album":"Sosnovo-Ozerskoye","year":"1996","rank":"76"},
{"name":"Scoville","album":"Xinxing","year":"2008","rank":"53"},
{"name":"Eastlawn","album":"Bang Ban","year":"2005","rank":"90"},
{"name":"Melody","album":"Poigar","year":"2007","rank":"16"},
{"name":"Hagan","album":"Fria","year":"2000","rank":"16"},
{"name":"Kingsford","album":"Burnside","year":"2012","rank":"11"},
{"name":"Schmedeman","album":"Saint Catherine","year":"1998","rank":"22"},
{"name":"Hanover","album":"Planken","year":"2004","rank":"57"},
{"name":"Weeping Birch","album":"Alpiarça","year":"1993","rank":"55"},
{"name":"Eagan","album":"Nijmegen","year":"2006","rank":"19"},
{"name":"Troy","album":"Hoktember","year":"1992","rank":"15"},
{"name":"Butterfield","album":"Las Americas","year":"1995","rank":"47"},
{"name":"Oxford","album":"Az Zabadānī","year":"1997","rank":"71"},
{"name":"Dunning","album":"Zargarān","year":"2010","rank":"65"},
{"name":"Sundown","album":"Baz","year":"2007","rank":"45"},
{"name":"Esker","album":"Gradishtë","year":"1992","rank":"68"},
{"name":"Cordelia","album":"Jinjing","year":"2004","rank":"64"},
{"name":"Canary","album":"Souto","year":"1995","rank":"7"},
{"name":"Tennessee","album":"Vukojevci","year":"2012","rank":"42"},
{"name":"Autumn Leaf","album":"Khenifra","year":"1998","rank":"76"},
{"name":"Northwestern","album":"Lahad Datu","year":"1998","rank":"24"},
{"name":"Golden Leaf","album":"Sulitair","year":"2000","rank":"43"},
{"name":"Coleman","album":"Sajia","year":"1992","rank":"29"},
{"name":"Tennyson","album":"Washington","year":"2004","rank":"84"},
{"name":"Spohn","album":"Andradas","year":"2011","rank":"10"},
{"name":"Mallard","album":"Ozherel’ye","year":"1994","rank":"86"},
{"name":"Superior","album":"Ticaco","year":"1998","rank":"8"},
{"name":"Warrior","album":"Kuala Lumpur","year":"2012","rank":"61"},
{"name":"8th","album":"Mahaba","year":"1992","rank":"7"},
{"name":"Manley","album":"Likhoy","year":"1999","rank":"60"},
{"name":"Shasta","album":"Lyuban’","year":"1993","rank":"97"},
{"name":"Northridge","album":"Austin","year":"2012","rank":"97"},
{"name":"Southridge","album":"Peski","year":"1993","rank":"80"},
{"name":"Mariners Cove","album":"Sanquan","year":"1992","rank":"77"},
{"name":"Carberry","album":"Maglaj","year":"2007","rank":"39"},
{"name":"Superior","album":"Saint Petersburg","year":"1994","rank":"53"},
{"name":"Forest Run","album":"Sattahip","year":"2003","rank":"40"},
{"name":"Memorial","album":"Trollhättan","year":"2000","rank":"70"},
{"name":"Columbus","album":"Cúcuta","year":"2010","rank":"88"},
{"name":"Linden","album":"Placer","year":"1994","rank":"20"},
{"name":"Novick","album":"Watoona","year":"2011","rank":"77"},
{"name":"Nevada","album":"Tanahbeureum","year":"2006","rank":"20"},
{"name":"Wayridge","album":"Gushi","year":"1988","rank":"41"},
{"name":"Browning","album":"Zliv","year":"2002","rank":"91"},
{"name":"Sunbrook","album":"Ungca","year":"2010","rank":"22"},
{"name":"Marquette","album":"Atães","year":"2005","rank":"82"},
{"name":"Village","album":"Ōmuta","year":"1994","rank":"42"},
{"name":"Florence","album":"Zhendong","year":"1995","rank":"44"},
{"name":"Hoepker","album":"Sarbīsheh","year":"2002","rank":"57"},
{"name":"Rigney","album":"Novosibirsk","year":"2009","rank":"82"},
{"name":"Lighthouse Bay","album":"Afanas’yeva","year":"1997","rank":"21"},
{"name":"Scofield","album":"Kutamandarakan","year":"1995","rank":"81"},
{"name":"Myrtle","album":"Umeå","year":"2011","rank":"17"},
{"name":"North","album":"Fengyuan","year":"2007","rank":"66"},
{"name":"Nova","album":"Hägersten","year":"1995","rank":"43"},
{"name":"Cambridge","album":"Nashtā Rūd","year":"1998","rank":"91"},
{"name":"Dakota","album":"Weixin","year":"2006","rank":"27"},
{"name":"Shoshone","album":"Alpiarça","year":"2008","rank":"83"},
{"name":"Surrey","album":"Ekibastuz","year":"1997","rank":"13"},
{"name":"Ohio","album":"Dingle","year":"1998","rank":"90"},
{"name":"Kim","album":"Lao Suea Kok","year":"2011","rank":"35"},
{"name":"Bonner","album":"Tigpalay","year":"2007","rank":"80"},
{"name":"Warrior","album":"Fuli","year":"2006","rank":"95"},
{"name":"Crest Line","album":"Natu","year":"1993","rank":"90"},
{"name":"Rutledge","album":"Kavadarci","year":"2009","rank":"71"},
{"name":"Tomscot","album":"Soa","year":"1994","rank":"12"},
{"name":"Mallard","album":"Jabon","year":"1990","rank":"58"},
{"name":"Moland","album":"Naples","year":"1994","rank":"36"},
{"name":"Ronald Regan","album":"Oslo","year":"2007","rank":"19"},
{"name":"Stang","album":"Mehtar Lām","year":"1995","rank":"83"},
{"name":"Forster","album":"Patulul","year":"1999","rank":"79"},
{"name":"Bay","album":"Nioro","year":"1998","rank":"73"},
{"name":"Scott","album":"Santa Cruz","year":"2012","rank":"75"},
{"name":"Goodland","album":"Qaxa","year":"2000","rank":"41"},
{"name":"Burning Wood","album":"Staryy Oskol","year":"1996","rank":"61"},
{"name":"Hintze","album":"Annapolis","year":"1999","rank":"7"},
{"name":"Maple Wood","album":"Falun","year":"2002","rank":"25"},
{"name":"Cherokee","album":"Jinpanling","year":"1990","rank":"51"},
{"name":"Hansons","album":"Papilawe","year":"2011","rank":"90"},
{"name":"Hallows","album":"Lakota","year":"1998","rank":"30"},
{"name":"Nobel","album":"Tall Salḩab","year":"1984","rank":"6"},
{"name":"Mockingbird","album":"Zarya","year":"2004","rank":"35"},
{"name":"Towne","album":"Santa Catalina","year":"2004","rank":"68"},
{"name":"Melody","album":"Thị Trấn Nga Sơn","year":"2007","rank":"7"},
{"name":"Green","album":"Pop","year":"1995","rank":"97"},
{"name":"Ruskin","album":"Derviçian","year":"2004","rank":"84"},
{"name":"Corben","album":"Sampués","year":"2001","rank":"9"},
{"name":"Northwestern","album":"Itaberaí","year":"2012","rank":"7"},
{"name":"6th","album":"Matabao","year":"2012","rank":"23"},
{"name":"Burrows","album":"Palmira","year":"2002","rank":"98"},
{"name":"Bunting","album":"Capitán Bermúdez","year":"1998","rank":"59"},
{"name":"Truax","album":"Abut","year":"1995","rank":"48"},
{"name":"Bluestem","album":"Candoso","year":"2012","rank":"99"},
{"name":"Lake View","album":"Washington","year":"2009","rank":"89"},
{"name":"Spaight","album":"Deh-e Now","year":"1989","rank":"9"},
{"name":"Oak Valley","album":"Purbalingga","year":"2007","rank":"84"},
{"name":"Hanson","album":"Daoxian","year":"2009","rank":"36"},
{"name":"Sherman","album":"Alvaro Obregon","year":"2008","rank":"56"},
{"name":"Hallows","album":"Sagae","year":"1996","rank":"54"},
{"name":"Summit","album":"Wilkowice","year":"2007","rank":"97"},
{"name":"Orin","album":"Palaiseau","year":"1996","rank":"76"},
{"name":"Bluejay","album":"Sok Kwu Wan","year":"1988","rank":"63"},
{"name":"High Crossing","album":"Shangshaleng","year":"2001","rank":"78"},
{"name":"Trailsway","album":"Kobrinskoye","year":"2004","rank":"74"},
{"name":"Anhalt","album":"San Martín","year":"2011","rank":"57"},
{"name":"Norway Maple","album":"Burgos","year":"2000","rank":"1"},
{"name":"Dawn","album":"Agen","year":"1987","rank":"39"},
{"name":"Schlimgen","album":"Brusque","year":"2007","rank":"63"},
{"name":"Namekagon","album":"Chernyshkovskiy","year":"2013","rank":"15"},
{"name":"Glendale","album":"Wukeshu","year":"2004","rank":"16"},
{"name":"Rutledge","album":"Żarki-Letnisko","year":"2002","rank":"38"},
{"name":"Tennyson","album":"Port Hawkesbury","year":"2006","rank":"19"},
{"name":"Dixon","album":"Zubrzyca Dolna","year":"2008","rank":"97"},
{"name":"Monument","album":"Wenceslau Braz","year":"1996","rank":"66"},
{"name":"Sloan","album":"Alor Star","year":"1999","rank":"54"},
{"name":"Warbler","album":"Batangtoru","year":"2008","rank":"87"},
{"name":"Kingsford","album":"Trudobelikovskiy","year":"2008","rank":"74"},
{"name":"Leroy","album":"Sirre","year":"2011","rank":"29"},
{"name":"Buell","album":"Fort Lauderdale","year":"1995","rank":"57"},
{"name":"Aberg","album":"Dazhongzhuang","year":"1993","rank":"90"},
{"name":"Hansons","album":"Montbrison","year":"2009","rank":"41"},
{"name":"Nevada","album":"Baykit","year":"2004","rank":"99"},
{"name":"Lighthouse Bay","album":"Pangkalan","year":"2008","rank":"7"},
{"name":"Comanche","album":"Jatisari","year":"1999","rank":"87"},
{"name":"Alpine","album":"Paltashaco","year":"2006","rank":"91"},
{"name":"Northland","album":"Belawang","year":"2000","rank":"35"},
{"name":"Alpine","album":"Retreat","year":"2010","rank":"89"},
{"name":"Little Fleur","album":"Sartrouville","year":"1986","rank":"42"},
{"name":"Ronald Regan","album":"Drybin","year":"1993","rank":"35"},
{"name":"Bunker Hill","album":"Qinghaihu","year":"2007","rank":"75"},
{"name":"Michigan","album":"Širvintos","year":"1994","rank":"71"},
{"name":"Victoria","album":"Rado","year":"2009","rank":"6"},
{"name":"Village Green","album":"Petrolera","year":"2001","rank":"37"},
{"name":"Shasta","album":"Manzil Bū Zalafah","year":"2006","rank":"23"},
{"name":"Westridge","album":"Sadowie","year":"1985","rank":"99"},
{"name":"Lien","album":"Qixia","year":"1999","rank":"64"},
{"name":"Sutteridge","album":"Tabuaço","year":"2010","rank":"60"},
{"name":"Jana","album":"Quinta da Queimada","year":"2011","rank":"69"},
{"name":"Truax","album":"Pagaruša","year":"1995","rank":"92"},
{"name":"Thackeray","album":"Malesína","year":"2003","rank":"40"},
{"name":"Becker","album":"Ilinden","year":"2010","rank":"95"},
{"name":"Quincy","album":"Nanterre","year":"2012","rank":"32"},
{"name":"Loomis","album":"Ishii","year":"2003","rank":"100"},
{"name":"Loftsgordon","album":"Nantang","year":"1984","rank":"100"},
{"name":"Sauthoff","album":"Vilca","year":"1983","rank":"25"},
{"name":"Delaware","album":"Wangdain","year":"2004","rank":"40"},
{"name":"Tomscot","album":"Návsí u Jablunkova","year":"2006","rank":"87"},
{"name":"Springs","album":"Działoszyce","year":"2008","rank":"70"},
{"name":"Commercial","album":"Lubbock","year":"1994","rank":"94"},
{"name":"Union","album":"Regla","year":"2010","rank":"94"},
{"name":"Fairview","album":"Damatou","year":"1992","rank":"10"},
{"name":"Brickson Park","album":"Rumoi","year":"1963","rank":"9"},
{"name":"Northfield","album":"Pôsto Fiscal Rolim de Moura","year":"1989","rank":"14"},
{"name":"Banding","album":"Pak Phli","year":"2003","rank":"69"},
{"name":"Goodland","album":"Shikārpur","year":"2001","rank":"82"},
{"name":"Manitowish","album":"Magallon Cadre","year":"2001","rank":"96"},
{"name":"Mandrake","album":"Serowe","year":"1997","rank":"31"},
{"name":"Lighthouse Bay","album":"Chengzihe","year":"2006","rank":"56"},
{"name":"School","album":"Penedo","year":"1995","rank":"61"},
{"name":"Hagan","album":"Las Toscas","year":"1995","rank":"42"},
{"name":"Jay","album":"Joaquín Suárez","year":"1991","rank":"27"},
{"name":"Ryan","album":"Moquegua","year":"2009","rank":"66"},
{"name":"5th","album":"Embalse","year":"2010","rank":"52"},
{"name":"Melody","album":"Pārūn","year":"2011","rank":"44"},
{"name":"5th","album":"Shimen","year":"1993","rank":"98"},
{"name":"Sauthoff","album":"Austin","year":"2007","rank":"70"},
{"name":"Farwell","album":"Minas de Matahambre","year":"2011","rank":"23"},
{"name":"Helena","album":"Donskoye","year":"2012","rank":"30"},
{"name":"Messerschmidt","album":"Arcos","year":"2007","rank":"42"},
{"name":"Parkside","album":"Zabaykal’sk","year":"1987","rank":"88"},
{"name":"Eggendart","album":"Bolotnoye","year":"1994","rank":"9"},
{"name":"Main","album":"Trinidad","year":"2008","rank":"89"},
{"name":"Iowa","album":"Muang Pakxan","year":"2008","rank":"24"},
{"name":"Nancy","album":"Mirošov","year":"1984","rank":"73"},
{"name":"Esker","album":"General Arenales","year":"1999","rank":"48"},
{"name":"Barby","album":"Gigante","year":"2011","rank":"94"},
{"name":"Carioca","album":"Abelheira","year":"2005","rank":"32"},
{"name":"Atwood","album":"Voyinka","year":"2009","rank":"55"},
{"name":"Harper","album":"San Luis","year":"2002","rank":"70"},
{"name":"Doe Crossing","album":"Oxapampa","year":"2003","rank":"34"},
{"name":"Thackeray","album":"Campinas","year":"2005","rank":"35"},
{"name":"Nevada","album":"Alah Sāy","year":"2005","rank":"45"},
{"name":"6th","album":"Kukawa","year":"1999","rank":"44"},
{"name":"Drewry","album":"Jezzîne","year":"1994","rank":"69"},
{"name":"Sunbrook","album":"Ambovombe","year":"1989","rank":"97"},
{"name":"Utah","album":"Rusip","year":"2005","rank":"51"},
{"name":"Annamark","album":"Sendai-shi","year":"1994","rank":"13"},
{"name":"Starling","album":"La Valette-du-Var","year":"1958","rank":"79"},
{"name":"Bowman","album":"Wuluhan","year":"2003","rank":"82"},
{"name":"Anhalt","album":"Fengpo","year":"2000","rank":"35"},
{"name":"Cordelia","album":"Lianghu","year":"1997","rank":"30"},
{"name":"Eastlawn","album":"Francos","year":"1998","rank":"31"},
{"name":"Crownhardt","album":"Kotli Lohārān","year":"2011","rank":"22"},
{"name":"Moland","album":"Shuangchahe","year":"1987","rank":"91"},
{"name":"Warrior","album":"Ar Rumaythīyah","year":"2005","rank":"32"},
{"name":"Melby","album":"Bahía Blanca","year":"1990","rank":"69"},
{"name":"Utah","album":"Valencia","year":"2003","rank":"93"},
{"name":"Paget","album":"Zhongshan Donglu","year":"2007","rank":"48"},
{"name":"Lien","album":"Shishan","year":"1973","rank":"96"},
{"name":"Mifflin","album":"Yongfeng","year":"1994","rank":"52"},
{"name":"Lindbergh","album":"San Felipe","year":"2006","rank":"90"},
{"name":"Northview","album":"Paris 03","year":"2011","rank":"18"},
{"name":"Basil","album":"Fafe","year":"2009","rank":"19"},
{"name":"Luster","album":"Shuangshan","year":"2003","rank":"1"},
{"name":"Barby","album":"Gort","year":"1993","rank":"29"},
{"name":"Briar Crest","album":"Sampir","year":"2008","rank":"46"},
{"name":"Marquette","album":"Khun Han","year":"1993","rank":"16"},
{"name":"Corben","album":"Heshi","year":"2008","rank":"57"},
{"name":"Bunting","album":"Legok","year":"2008","rank":"39"},
{"name":"Southridge","album":"Xincheng","year":"1994","rank":"12"},
{"name":"Northview","album":"Stubno","year":"1990","rank":"58"},
{"name":"Summerview","album":"Kiukainen","year":"2012","rank":"68"},
{"name":"Utah","album":"Chezhan","year":"2005","rank":"7"},
{"name":"Sutherland","album":"Hewa","year":"2000","rank":"28"},
{"name":"Myrtle","album":"Sumurwaru","year":"1999","rank":"47"},
{"name":"Manufacturers","album":"Dibulla","year":"2007","rank":"8"},
{"name":"Twin Pines","album":"Sloboda","year":"1986","rank":"17"},
{"name":"Farmco","album":"Yong’an","year":"2010","rank":"71"},
{"name":"Debs","album":"Castlebridge","year":"2001","rank":"92"},
{"name":"Homewood","album":"Quanling","year":"2003","rank":"40"},
{"name":"Helena","album":"Itanhandu","year":"1998","rank":"44"},
{"name":"Kennedy","album":"Cristóbal","year":"2004","rank":"43"},
{"name":"Manitowish","album":"Xiaocheng","year":"1992","rank":"71"},
{"name":"Independence","album":"Maji","year":"2006","rank":"46"},
{"name":"South","album":"Lawonda","year":"1985","rank":"77"},
{"name":"Del Sol","album":"New York City","year":"1994","rank":"71"},
{"name":"Corscot","album":"Yahil’nytsya","year":"2013","rank":"34"},
{"name":"Eliot","album":"Trois-Rivières","year":"2011","rank":"30"},
{"name":"Grim","album":"Al Jamīmah","year":"2007","rank":"14"},
{"name":"Crest Line","album":"Nanzhao","year":"2002","rank":"64"},
{"name":"Village","album":"Nurabelen","year":"1985","rank":"81"},
{"name":"Ronald Regan","album":"Monte Alto","year":"1998","rank":"40"},
{"name":"Butternut","album":"Songkeng","year":"2010","rank":"80"},
{"name":"Bonner","album":"Hanlin","year":"2005","rank":"3"},
{"name":"Oxford","album":"Huayang","year":"1989","rank":"97"},
{"name":"Schurz","album":"Kildare","year":"2002","rank":"52"},
{"name":"Pankratz","album":"Ágios Stéfanos","year":"1993","rank":"71"},
{"name":"Hoard","album":"Sharïngol","year":"2009","rank":"61"},
{"name":"Buell","album":"Solna","year":"2005","rank":"90"},
{"name":"Montana","album":"Gent","year":"1993","rank":"26"},
{"name":"Golf View","album":"Zelmeņi","year":"1999","rank":"55"},
{"name":"Loftsgordon","album":"Liangshuihe","year":"1994","rank":"61"},
{"name":"Dovetail","album":"Gujun","year":"1993","rank":"46"},
{"name":"Raven","album":"Monastir","year":"2007","rank":"77"},
{"name":"Bay","album":"Końskowola","year":"2009","rank":"26"},
{"name":"Fair Oaks","album":"Lingbei","year":"2012","rank":"88"},
{"name":"Montana","album":"Laiponda","year":"2005","rank":"56"},
{"name":"Lighthouse Bay","album":"Toyoshina","year":"1992","rank":"60"},
{"name":"Steensland","album":"Biscoitos","year":"2011","rank":"42"},
{"name":"Westport","album":"Urbiztondo","year":"2003","rank":"15"},
{"name":"Center","album":"Xindi","year":"1994","rank":"66"},
{"name":"Leroy","album":"Pingyao","year":"2010","rank":"98"},
{"name":"Tony","album":"Santiago del Estero","year":"1992","rank":"4"},
{"name":"Carey","album":"Pereval'noe","year":"2000","rank":"95"},
{"name":"Dovetail","album":"Zwettl","year":"1996","rank":"24"},
{"name":"Randy","album":"Bode Sadu","year":"1999","rank":"8"},
{"name":"Buena Vista","album":"Chrastava","year":"2001","rank":"3"},
{"name":"Dennis","album":"Zykovo","year":"2006","rank":"45"},
{"name":"Mcguire","album":"Namayingo","year":"1995","rank":"69"},
{"name":"1st","album":"El Corpus","year":"1997","rank":"10"},
{"name":"Continental","album":"Buaran","year":"2000","rank":"65"},
{"name":"Loomis","album":"San Salvador","year":"1991","rank":"98"},
{"name":"Esker","album":"Quảng Yên","year":"1992","rank":"55"},
{"name":"Chive","album":"Lago dos Rodrigues","year":"1998","rank":"19"},
{"name":"Pawling","album":"San Isidro","year":"2003","rank":"30"},
{"name":"Kensington","album":"Gevgelija","year":"1997","rank":"95"},
{"name":"Dawn","album":"Hachiōji","year":"1997","rank":"5"},
{"name":"Thackeray","album":"Kimhae","year":"1989","rank":"25"},
{"name":"Sachtjen","album":"Khadzhalmakhi","year":"2010","rank":"34"},
{"name":"Trailsway","album":"Naranjos","year":"2012","rank":"34"},
{"name":"Corscot","album":"Cincinnati","year":"2002","rank":"68"},
{"name":"Moland","album":"Dal’neye Konstantinovo","year":"1996","rank":"34"},
{"name":"Rieder","album":"Modis","year":"1992","rank":"97"},
{"name":"Golf View","album":"Pindaré Mirim","year":"2010","rank":"89"},
{"name":"Lyons","album":"Jiulong","year":"1987","rank":"21"},
{"name":"Melrose","album":"Nangang","year":"2000","rank":"44"},
{"name":"Towne","album":"Ögöömör","year":"1991","rank":"95"},
{"name":"Forest","album":"Rybache","year":"2008","rank":"79"},
{"name":"Arizona","album":"Dumbéa","year":"1995","rank":"70"},
{"name":"High Crossing","album":"Cumming","year":"1998","rank":"82"},
{"name":"Dexter","album":"Santa Ana","year":"2011","rank":"52"},
{"name":"Melby","album":"Leyuan","year":"1997","rank":"74"},
{"name":"Kennedy","album":"Baidian","year":"2006","rank":"82"},
{"name":"Longview","album":"Buang","year":"2002","rank":"33"},
{"name":"Dahle","album":"Naguilian","year":"2005","rank":"43"},
{"name":"Crowley","album":"Xintian","year":"2011","rank":"11"},
{"name":"Lien","album":"Zhangfeng","year":"1994","rank":"68"},
{"name":"Hintze","album":"Salvacion","year":"2000","rank":"73"},
{"name":"Hanson","album":"Jiangxigou","year":"2012","rank":"49"},
{"name":"Florence","album":"Yanghong","year":"2005","rank":"39"},
{"name":"Vermont","album":"Dasi","year":"1995","rank":"45"},
{"name":"Surrey","album":"Lanchkhuti","year":"1995","rank":"86"},
{"name":"Cody","album":"Alcains","year":"2009","rank":"20"},
{"name":"Duke","album":"Shitun","year":"1985","rank":"18"},
{"name":"Old Gate","album":"Nyahururu","year":"2007","rank":"97"},
{"name":"Arrowood","album":"Mymensingh","year":"2009","rank":"48"},
{"name":"Esch","album":"Fort Smith","year":"1972","rank":"93"},
{"name":"Village","album":"Khallat Ḩamāmah","year":"2004","rank":"44"},
{"name":"Bobwhite","album":"Aban","year":"2009","rank":"41"},
{"name":"Jenifer","album":"Los Angeles","year":"1967","rank":"6"},
{"name":"Oakridge","album":"Akron","year":"2001","rank":"44"},
{"name":"Dryden","album":"Lille","year":"2012","rank":"70"},
{"name":"Little Fleur","album":"Galis Dua","year":"1998","rank":"74"},
{"name":"Montana","album":"Zhanghua","year":"1996","rank":"33"},
{"name":"Anniversary","album":"Huayuan","year":"1988","rank":"34"},
{"name":"Magdeline","album":"Khvalovo","year":"1997","rank":"79"},
{"name":"Annamark","album":"Owando","year":"2008","rank":"62"},
{"name":"Rieder","album":"Pañgobilian","year":"2006","rank":"35"},
{"name":"Mosinee","album":"Oceanside","year":"1996","rank":"8"},
{"name":"Upham","album":"Al Ḩazm","year":"1998","rank":"36"},
{"name":"South","album":"Guadalupe","year":"1996","rank":"14"},
{"name":"Kinsman","album":"Ārān Bīdgol","year":"1966","rank":"79"},
{"name":"Harper","album":"Al Ghizlānīyah","year":"1992","rank":"32"},
{"name":"Butterfield","album":"Parajara","year":"2007","rank":"59"},
{"name":"Clarendon","album":"Komsomolsk","year":"2003","rank":"71"},
{"name":"Bartillon","album":"Jamban","year":"2013","rank":"75"},
{"name":"Miller","album":"Lakateng","year":"2009","rank":"75"},
{"name":"Melrose","album":"Wanjia","year":"2001","rank":"4"},
{"name":"Russell","album":"Seynod","year":"1990","rank":"41"},
{"name":"Nevada","album":"Paris La Défense","year":"1984","rank":"21"},
{"name":"Springview","album":"Dagda","year":"1994","rank":"51"},
{"name":"Glendale","album":"Costa Sacate","year":"1994","rank":"6"},
{"name":"Rigney","album":"Vári","year":"2005","rank":"78"},
{"name":"Nobel","album":"Tiberias","year":"2001","rank":"22"},
{"name":"Esch","album":"Kisii","year":"1995","rank":"29"},
{"name":"John Wall","album":"Dengzishan","year":"1994","rank":"77"},
{"name":"Chinook","album":"Coxim","year":"2009","rank":"49"},
{"name":"Coolidge","album":"Galaz","year":"2008","rank":"4"},
{"name":"Hoepker","album":"Klippan","year":"2007","rank":"2"},
{"name":"Debs","album":"Árgos","year":"2006","rank":"63"},
{"name":"Dexter","album":"Mendi","year":"1989","rank":"75"},
{"name":"Sherman","album":"Dębica","year":"2009","rank":"46"},
{"name":"Gateway","album":"Opatów","year":"1995","rank":"44"},
{"name":"Schlimgen","album":"Ludza","year":"1992","rank":"93"},
{"name":"Becker","album":"Labo","year":"1990","rank":"100"},
{"name":"Grasskamp","album":"Inari","year":"1995","rank":"23"},
{"name":"Kropf","album":"Stanisław Górny","year":"2011","rank":"27"},
{"name":"Dayton","album":"Gangmian","year":"2002","rank":"22"},
{"name":"School","album":"San Eugenio","year":"1994","rank":"67"},
{"name":"Rowland","album":"Mülheim an der Ruhr","year":"2003","rank":"74"},
{"name":"Doe Crossing","album":"Châteauroux","year":"1999","rank":"15"},
{"name":"Golf View","album":"Krasnoye","year":"2003","rank":"59"},
{"name":"Basil","album":"Lyon","year":"1998","rank":"100"},
{"name":"4th","album":"Stuttgart","year":"2008","rank":"76"},
{"name":"Northridge","album":"Tongtuan","year":"1995","rank":"85"},
{"name":"Prentice","album":"Les Abymes","year":"2008","rank":"56"},
{"name":"Red Cloud","album":"Binafun","year":"2003","rank":"22"},
{"name":"Hintze","album":"Aix-en-Provence","year":"1987","rank":"23"},
{"name":"Express","album":"El Paso","year":"2006","rank":"34"},
{"name":"Welch","album":"Areado","year":"2011","rank":"33"},
{"name":"Kensington","album":"Ōiso","year":"2012","rank":"83"},
{"name":"Daystar","album":"Matou","year":"2008","rank":"58"},
{"name":"Fairfield","album":"Bello","year":"1987","rank":"32"},
{"name":"Kenwood","album":"Pemba","year":"2010","rank":"96"},
{"name":"Meadow Valley","album":"Baler Baleagung","year":"1997","rank":"3"},
{"name":"Hudson","album":"Karangintan","year":"1993","rank":"90"},
{"name":"Thackeray","album":"Rabat","year":"1997","rank":"30"},
{"name":"Miller","album":"Nakambala","year":"1993","rank":"92"},
{"name":"Dawn","album":"Selce","year":"2012","rank":"8"},
{"name":"Hanson","album":"Cisownica","year":"2001","rank":"13"},
{"name":"Mcbride","album":"Zhangyang","year":"2003","rank":"93"},
{"name":"Sutherland","album":"Banda Layung","year":"1994","rank":"91"},
{"name":"Morrow","album":"Burayevo","year":"2002","rank":"36"},
{"name":"Westerfield","album":"Błędów","year":"2005","rank":"85"},
{"name":"Washington","album":"Niños Heroes","year":"2012","rank":"25"},
{"name":"Duke","album":"Shancheng","year":"2003","rank":"41"},
{"name":"Susan","album":"Comalapa","year":"1990","rank":"78"},
{"name":"Fulton","album":"Xinhe","year":"1995","rank":"4"},
{"name":"Sommers","album":"Verkhnyachka","year":"1990","rank":"16"},
{"name":"Morning","album":"Sangari","year":"2008","rank":"56"},
{"name":"Cottonwood","album":"Shuanghe","year":"1997","rank":"26"},
{"name":"Scofield","album":"Frederiksberg","year":"2008","rank":"52"},
{"name":"Barby","album":"Khuzdār","year":"2008","rank":"21"},
{"name":"Arizona","album":"Kebonkaret","year":"2001","rank":"35"},
{"name":"Eggendart","album":"Shijing","year":"2009","rank":"84"},
{"name":"Roth","album":"Mandor","year":"1995","rank":"90"},
{"name":"Rockefeller","album":"Xianlin","year":"1992","rank":"45"},
{"name":"Mallard","album":"Ashgabat","year":"2000","rank":"12"},
{"name":"Butterfield","album":"Duanjia","year":"1987","rank":"28"},
{"name":"Sherman","album":"Malianzhuang","year":"2006","rank":"23"},
{"name":"Vera","album":"Środa Wielkopolska","year":"1965","rank":"53"},
{"name":"Meadow Ridge","album":"Prupuh","year":"2010","rank":"3"},
{"name":"Valley Edge","album":"Peñaflor","year":"1993","rank":"40"},
{"name":"Ruskin","album":"Néa Filadélfeia","year":"1993","rank":"67"},
{"name":"Clarendon","album":"Palencia","year":"2002","rank":"55"},
{"name":"Troy","album":"Bantacan","year":"2006","rank":"93"},
{"name":"Elka","album":"Ishimbay","year":"1992","rank":"62"},
{"name":"Kinsman","album":"Gramoteino","year":"2000","rank":"22"},
{"name":"Sutteridge","album":"Jaú","year":"1992","rank":"89"},
{"name":"Bay","album":"Baiyanghe","year":"1994","rank":"16"},
{"name":"Prairieview","album":"Lacombe","year":"1985","rank":"23"},
{"name":"Maple","album":"Marigot","year":"1989","rank":"1"},
{"name":"Forster","album":"Namysłów","year":"2012","rank":"67"},
{"name":"Tennyson","album":"Liješnica","year":"2002","rank":"12"},
{"name":"Corry","album":"Adelaide Mail Centre","year":"1993","rank":"76"},
{"name":"Kensington","album":"Central","year":"1993","rank":"63"},
{"name":"Hallows","album":"‘Aqrah","year":"2003","rank":"22"},
{"name":"Gulseth","album":"Lijiazui","year":"2001","rank":"81"},
{"name":"Dakota","album":"Dushu","year":"1990","rank":"82"},
{"name":"Maryland","album":"Rabah","year":"2007","rank":"41"},
{"name":"Carey","album":"Eckerö","year":"2003","rank":"76"},
{"name":"Waxwing","album":"Bouça","year":"1996","rank":"46"},
{"name":"Kedzie","album":"Futaleufú","year":"2006","rank":"87"},
{"name":"Towne","album":"Yangiobod","year":"1998","rank":"85"},
{"name":"7th","album":"Na Kae","year":"1984","rank":"1"},
{"name":"1st","album":"Veracruz","year":"1996","rank":"99"},
{"name":"Golden Leaf","album":"Dūst Moḩammad Khān","year":"1999","rank":"48"},
{"name":"Sycamore","album":"Crespo","year":"2008","rank":"48"},
{"name":"Menomonie","album":"Goma","year":"1997","rank":"60"},
{"name":"Kingsford","album":"Grabica","year":"1993","rank":"58"},
{"name":"Porter","album":"Rāiwind","year":"1967","rank":"54"},
{"name":"Shopko","album":"Kedungtaman","year":"1996","rank":"23"},
{"name":"Center","album":"La Concordia","year":"2009","rank":"51"},
{"name":"Thackeray","album":"Makuyuni","year":"2008","rank":"23"},
{"name":"Roth","album":"Montpellier","year":"2011","rank":"62"},
{"name":"Hanover","album":"Porsgrunn","year":"1987","rank":"96"},
{"name":"Dovetail","album":"Krivyanskaya","year":"1997","rank":"96"},
{"name":"Huxley","album":"Plavy","year":"2013","rank":"54"},
{"name":"Gerald","album":"Shixi","year":"2000","rank":"41"},
{"name":"Raven","album":"Srednebelaya","year":"2009","rank":"7"},
{"name":"Parkside","album":"Wailolung","year":"1999","rank":"85"},
{"name":"Holmberg","album":"Shupenzë","year":"1996","rank":"52"},
{"name":"Randy","album":"Göteborg","year":"2003","rank":"97"},
{"name":"Mcguire","album":"Sasovo","year":"2005","rank":"18"},
{"name":"Vahlen","album":"Ilanskiy","year":"1994","rank":"95"},
{"name":"Tennyson","album":"Sambungjaya","year":"2000","rank":"1"},
{"name":"Delaware","album":"Kaabong","year":"2000","rank":"31"},
{"name":"Bobwhite","album":"Puncakmanis","year":"1995","rank":"71"},
{"name":"Messerschmidt","album":"Nijemci","year":"1986","rank":"98"},
{"name":"Northview","album":"Karangpaningal","year":"2006","rank":"77"},
{"name":"Loftsgordon","album":"Tegallega","year":"1987","rank":"89"},
{"name":"Dovetail","album":"Huanggang","year":"2004","rank":"35"},
{"name":"Stone Corner","album":"Svirsk","year":"1997","rank":"38"},
{"name":"Summer Ridge","album":"Hājīganj","year":"2000","rank":"63"},
{"name":"Anderson","album":"Citatah Kaler","year":"1988","rank":"19"},
{"name":"Dayton","album":"Şaḩneh","year":"2006","rank":"44"},
{"name":"Manitowish","album":"Donghu","year":"2011","rank":"49"},
{"name":"Golf Course","album":"Stockholm","year":"1992","rank":"60"},
{"name":"Lotheville","album":"Farsta","year":"2010","rank":"51"},
{"name":"Warbler","album":"Da’an","year":"2002","rank":"19"},
{"name":"Mendota","album":"Pasrukrajan Satu","year":"1998","rank":"56"},
{"name":"8th","album":"Khatsyezhyna","year":"2009","rank":"62"},
{"name":"Eliot","album":"Trąbki Wielkie","year":"2010","rank":"65"},
{"name":"Bunker Hill","album":"Winong","year":"1990","rank":"61"},
{"name":"Fair Oaks","album":"Majan","year":"1986","rank":"75"},
{"name":"Union","album":"Pahārpur","year":"1994","rank":"69"},
{"name":"Hooker","album":"Tervel","year":"2002","rank":"78"},
{"name":"Reindahl","album":"Khondāb","year":"1994","rank":"12"},
{"name":"Kings","album":"Santo Niño","year":"1989","rank":"48"},
{"name":"Jay","album":"Bhāi Pheru","year":"2002","rank":"91"},
{"name":"Luster","album":"Valbo","year":"2007","rank":"47"},
{"name":"Lakewood Gardens","album":"Nunleu","year":"1999","rank":"6"},
{"name":"Warner","album":"Souto","year":"1995","rank":"94"},
{"name":"South","album":"Port Erin","year":"1997","rank":"98"},
{"name":"Schiller","album":"Qijing","year":"2008","rank":"72"},
{"name":"Magdeline","album":"Cácota","year":"2010","rank":"20"},
{"name":"Mendota","album":"Shekou","year":"1992","rank":"1"},
{"name":"Twin Pines","album":"Suwalan","year":"2002","rank":"88"},
{"name":"Weeping Birch","album":"Negararatu","year":"2007","rank":"19"},
{"name":"Riverside","album":"White Rock","year":"2005","rank":"27"},
{"name":"Emmet","album":"Bibiani","year":"1988","rank":"30"},
{"name":"Surrey","album":"Marseille","year":"2012","rank":"90"},
{"name":"Mitchell","album":"Hengli","year":"1999","rank":"27"},
{"name":"Linden","album":"Sucre","year":"2003","rank":"21"},
{"name":"Express","album":"El Paso","year":"2007","rank":"49"},
{"name":"Waxwing","album":"Ungaran","year":"2008","rank":"1"},
{"name":"Sutteridge","album":"Bothaville","year":"2005","rank":"96"},
{"name":"Scott","album":"Ilām","year":"2007","rank":"80"},
{"name":"Toban","album":"Diébougou","year":"1994","rank":"87"},
{"name":"Steensland","album":"Mozdok","year":"2011","rank":"19"},
{"name":"Heath","album":"Mapou","year":"1987","rank":"82"},
{"name":"Hoard","album":"Přibyslav","year":"2003","rank":"75"},
{"name":"Thackeray","album":"Minneapolis","year":"2007","rank":"59"},
{"name":"Jenna","album":"Aizkraukle","year":"1999","rank":"48"},
{"name":"Dottie","album":"Miatli","year":"2002","rank":"84"},
{"name":"Golf","album":"Oslo","year":"1995","rank":"64"},
{"name":"Menomonie","album":"Yuguan","year":"2007","rank":"49"},
{"name":"Daystar","album":"Sangongqiao","year":"2006","rank":"61"},
{"name":"Sachs","album":"Linda Vista","year":"2002","rank":"1"},
{"name":"Summer Ridge","album":"Ängelholm","year":"2006","rank":"86"},
{"name":"Talisman","album":"Kuala Lumpur","year":"2003","rank":"88"},
{"name":"Dixon","album":"Dalu","year":"2001","rank":"19"},
{"name":"Lillian","album":"Tuymazy","year":"1984","rank":"62"},
{"name":"East","album":"Lidečko","year":"2007","rank":"89"},
{"name":"Thackeray","album":"Béthune","year":"2001","rank":"99"},
{"name":"Aberg","album":"Pikalëvo","year":"2007","rank":"47"},
{"name":"Westridge","album":"Ponce","year":"1997","rank":"58"},
{"name":"Crownhardt","album":"Patria","year":"2010","rank":"93"},
{"name":"Harbort","album":"Waina","year":"1997","rank":"25"},
{"name":"Algoma","album":"Karlskoga","year":"2003","rank":"65"},
{"name":"Veith","album":"Yuankeng","year":"2000","rank":"25"},
{"name":"Grayhawk","album":"Amalfi","year":"2006","rank":"98"},
{"name":"Springview","album":"Dalumangcob","year":"2011","rank":"52"},
{"name":"Jay","album":"Sam Chuk","year":"2000","rank":"51"},
{"name":"Mendota","album":"Igrim","year":"2011","rank":"41"},
{"name":"4th","album":"Khomutovo","year":"2005","rank":"17"},
{"name":"Pearson","album":"Maogang","year":"1996","rank":"70"},
{"name":"Pine View","album":"Cuenca","year":"2007","rank":"97"},
{"name":"Schmedeman","album":"Loen","year":"2001","rank":"18"},
{"name":"Chinook","album":"Uthal","year":"2012","rank":"25"},
{"name":"Mandrake","album":"Ayotupas","year":"2007","rank":"83"},
{"name":"Kinsman","album":"Xijiao","year":"1991","rank":"44"},
{"name":"Kim","album":"Wulong","year":"2003","rank":"98"},
{"name":"Mcguire","album":"Comrat","year":"2001","rank":"2"},
{"name":"Tony","album":"Guarapari","year":"2004","rank":"67"},
{"name":"Fordem","album":"Shaxi","year":"2009","rank":"27"},
{"name":"Forest","album":"Mont-de-Marsan","year":"1999","rank":"48"},
{"name":"Nobel","album":"Franceville","year":"2008","rank":"35"},
{"name":"Ilene","album":"Neofbaun","year":"1994","rank":"21"},
{"name":"2nd","album":"Torsby","year":"2010","rank":"86"},
{"name":"Melody","album":"Baugo","year":"2003","rank":"35"},
{"name":"Stephen","album":"Daping","year":"2008","rank":"32"},
{"name":"Longview","album":"Sukaraja","year":"1994","rank":"17"},
{"name":"Prentice","album":"Cam Lâm","year":"1986","rank":"85"},
{"name":"Melby","album":"Lijiang","year":"2006","rank":"98"},
{"name":"Browning","album":"Banjar Budakeling","year":"2010","rank":"54"},
{"name":"Hauk","album":"Jiegan","year":"2009","rank":"100"},
{"name":"Lyons","album":"Tymbark","year":"2009","rank":"4"},
{"name":"Ramsey","album":"Dubrovka","year":"1997","rank":"92"},
{"name":"Bashford","album":"Legrada","year":"1985","rank":"91"},
{"name":"Arizona","album":"Yanghe","year":"2001","rank":"74"},
{"name":"Bartillon","album":"Zeist","year":"1999","rank":"66"},
{"name":"Barnett","album":"Montrouge","year":"1985","rank":"62"},
{"name":"Kensington","album":"Batan","year":"2009","rank":"41"},
{"name":"Del Mar","album":"Jakubowice Murowane","year":"1968","rank":"32"},
{"name":"Tony","album":"Baochang","year":"2008","rank":"61"},
{"name":"Merchant","album":"Turmus‘ayyā","year":"2013","rank":"32"},
{"name":"Myrtle","album":"Skała","year":"2001","rank":"21"},
{"name":"Walton","album":"Il’inskiy","year":"1999","rank":"28"},
{"name":"Donald","album":"Spokoynaya","year":"1992","rank":"47"},
{"name":"Badeau","album":"Jablonec nad Jizerou","year":"2002","rank":"61"},
{"name":"South","album":"Yashkul’","year":"2009","rank":"94"},
{"name":"Del Sol","album":"Oslo","year":"2001","rank":"49"},
{"name":"Oriole","album":"Khanino","year":"2008","rank":"80"},
{"name":"Pearson","album":"Dębowa Łąka","year":"1999","rank":"83"},
{"name":"5th","album":"Zemlyansk","year":"2010","rank":"30"},
{"name":"Vera","album":"Kawasaki","year":"1998","rank":"7"},
{"name":"Schmedeman","album":"Smārde","year":"2011","rank":"30"},
{"name":"Vera","album":"Maca","year":"1996","rank":"26"},
{"name":"Barby","album":"Marigot","year":"2008","rank":"8"},
{"name":"Waywood","album":"Tatrang","year":"1998","rank":"93"},
{"name":"Eliot","album":"Wādī Raḩḩāl","year":"2005","rank":"11"},
{"name":"Debs","album":"Xingzi","year":"2009","rank":"94"},
{"name":"Carpenter","album":"Cipanas","year":"2007","rank":"6"},
{"name":"Rieder","album":"Eirunepé","year":"2010","rank":"16"},
{"name":"Schlimgen","album":"Mirny","year":"1989","rank":"63"},
{"name":"Roxbury","album":"Yefimovskiy","year":"2004","rank":"45"},
{"name":"Kennedy","album":"Nay Pyi Taw","year":"1984","rank":"55"},
{"name":"Clemons","album":"Staryy Urukh","year":"1993","rank":"58"},
{"name":"Westend","album":"Santo Antônio de Jesus","year":"2002","rank":"72"},
{"name":"Kedzie","album":"Mboto","year":"2010","rank":"9"},
{"name":"Sheridan","album":"Wałcz","year":"2003","rank":"2"},
{"name":"Sundown","album":"Gnosjö","year":"2012","rank":"100"},
{"name":"Harbort","album":"Manwakh","year":"2000","rank":"34"},
{"name":"Mallory","album":"Rybczewice","year":"2007","rank":"18"},
{"name":"Fairview","album":"Náchod","year":"1984","rank":"100"},
{"name":"Mosinee","album":"Lago da Pedra","year":"2007","rank":"58"},
{"name":"Forest","album":"Khorinsk","year":"1993","rank":"59"},
{"name":"Lakewood Gardens","album":"Nong Kung Si","year":"2003","rank":"29"},
{"name":"Stone Corner","album":"Al Qurayn","year":"1985","rank":"30"},
{"name":"Badeau","album":"Mauá","year":"1993","rank":"30"},
{"name":"Thompson","album":"Shangcheng Chengguanzhen","year":"2002","rank":"39"},
{"name":"Mendota","album":"Dajalorong","year":"2010","rank":"73"},
{"name":"Colorado","album":"Shanglian","year":"2004","rank":"86"},
{"name":"3rd","album":"Västerhaninge","year":"2005","rank":"18"},
{"name":"Moulton","album":"Selce","year":"1999","rank":"99"},
{"name":"Village","album":"Rio de Moinhos","year":"2001","rank":"51"},
{"name":"Anhalt","album":"Kanáli","year":"2009","rank":"11"}]